{
  "image_path": "H:\\マイドライブ\\過去の現場_元請\\2023.03.23 東区市道（５工区）舗装補修工事（水防等含）（単価契約）\\9 工事写真\\７～９月\\0726 湖東２丁目\\温度管理\\RIMG4777.JPG",
  "bboxes": [
    {
      "cid": 0,
      "cname": "person",
      "conf": 0.8078649640083313,
      "xyxy": [
        412.00274658203125,
        334.06549072265625,
        567.29736328125,
        600.63671875
      ],
      "role": "role_measurer_thermometer"
    },
    {
      "cid": 2,
      "cname": "car",
      "conf": 0.7961789965629578,
      "xyxy": [
        55.80621337890625,
        191.8609619140625,
        338.0560302734375,
        280.8788757324219
      ],
      "role": null
    },
    {
      "cid": 13,
      "cname": "bench",
      "conf": 0.26822713017463684,
      "xyxy": [
        936.9052734375,
        293.2300109863281,
        986.719970703125,
        333.5866394042969
      ],
      "role": null
    },
    {
      "cid": 1,
      "cname": "caption_board",
      "conf": 0.8583517074584961,
      "xyxy": [
        542.49658203125,
        481.88134765625,
        710.6488037109375,
        608.3157958984375
      ],
      "role": null
    }
  ]
}