{
  "image_path": "H:\\マイドライブ\\過去の現場_元請\\2023.03.23 東区市道（５工区）舗装補修工事（水防等含）（単価契約）\\9 工事写真\\７～９月\\0726 湖東２丁目\\出来形\\RIMG4751.JPG",
  "bboxes": [
    {
      "cid": 0,
      "cname": "person",
      "conf": 0.3306976556777954,
      "xyxy": [
        0.198760986328125,
        386.1507568359375,
        103.02488708496094,
        621.7916870117188
      ],
      "role": null
    },
    {
      "cid": 72,
      "cname": "refrigerator",
      "conf": 0.25232023000717163,
      "xyxy": [
        31.7652587890625,
        87.58816528320312,
        1272.477294921875,
        938.944580078125
      ],
      "role": null
    },
    {
      "cid": 1,
      "cname": "caption_board",
      "conf": 0.9162765741348267,
      "xyxy": [
        2.3831787109375,
        0.30535888671875,
        1278.4017333984375,
        947.0857543945312
      ],
      "role": null
    }
  ]
}